"Subject","Priority","Task","Company / Account","Contact","Lead","Opportunity","Assigned"
"Demo Platform Widgets (Sample)","Normal","1","Lee Enterprise, Inc","","Amy Jordan (Sample)","","Noel Thomas"
"Discussion (Sample)","Normal","1","Green Dot Publishing","","David Adelson (Sample)","","Noel Thomas"
"Sync Up (Sample)","Normal","1","MedLife, Inc.","","Sarah Loehr (Sample)","","Noel Thomas"
"Review (Sample)","Normal","1","Universal Technologies","","Andy Smith (Sample)","","Noel Thomas"
"Call Jon for feedback (sample)","Normal","1","Global Media (Sample)","Jon Amos (Sample)","","","Noel Thomas"
"Review Pricing Proposal (sample)","Normal","1","Global Media (Sample)","Carole White (Sample)","","","Noel Thomas"
"Send latest whitepaper (Sample)","Normal","1","Global Media (Sample)","Geoff Minor (Sample)","","","Noel Thomas"
"Discuss latest marketing whitepaper (Sample)","Normal","1","Acme (Sample)","Leanne Tomlin (Sample)","","","Noel Thomas"
"Follow up with Howard (Sample)","Normal","1","Acme (Sample)","Howard Jones (Sample)","","","Noel Thomas"
"Follow Up with Howard on timing (Sample)","Normal","1","Acme (Sample)","Howard Jones (Sample)","","Acme - 1,200 Widgets (Sample)","Noel Thomas"
"Debrief (Sample)","Normal","1","Acme (Sample)","","","Acme - 1,200 Widgets (Sample)","Noel Thomas"
"Planning for RFP (Sample)","Normal","1","Acme (Sample)","","","Acme - 1,200 Widgets (Sample)","Noel Thomas"
